Roll Number,Hackerrank profile link,Leet code links,CGPA,Total Backlogs
23a31a4401,https://www.hackerrank.com/profile/23a31a4401,https://leetcode.com/u/RE4W2v1Yi4/,7.95,0
23A31A4402,https://www.hackerrank.com/profile/23a31a4402_,https://leetcode.com/u/sravani_bolloju/,8.11,0
23A31A4403,https://www.hackerrank.com/profile/23a31a4403,https://leetcode.com/u/chonga_Prasanna/,7.95,0
23A31A4404,https://www.hackerrank.com/profile/23a31a4404,https://leetcode.com/u/Isfwn3Vw02/,7.84,0
23A31A4405,https://www.hackerrank.com/23a31a4405,https://leetcode.com/u/Hemasri_Gonagala/,8.95,0
23A31A4406,"https://www.hackerrank.com/profile/23A31A4406
",https://leetcode.com/u/Chandrika_Guttula/,8.49,0
23A31A4407,https://www.hackerrank.com/profile/23a31a4407_,https://leetcode.com/u/23a31a4407_/,6.83,0
23A31A4408,https://www.hackerrank.com/profile/23a31a4408,https://share.google/SBC9j3TF8rD7GFiKh,7.53,0
23A31A4409,https://www.hackerrank.com/profile/23A31A4409,https://leetcode.com/profile/,8.1,0
23A31A4410,https://www.hackerrank.com/profile/23a31a4410,https://leetcode.com/u/KSV0qDDdDw/,7.89,0
23A31A4411,https://www.hackerrank.com/profile/23A31A4411,https://leetcode.com/u/suchitrakoyya,9.13,1
23A31A4412,https://www.hackerrank.com/profile/malleswarinandi1,https://leetcode.com/u/xyN2CAJHGG/,7.56,0
23A31A4413,https://www.hackerrank.com/profile/23a31a4413,https://leetcode.com/u/3duX8LUHTB/,8.68,0
23A31A4414,https://www.hackerrank.com/profile/23a31a_4414,,8.99,0
23A31A4415,https://www.hackerrank.com/profile/23A31A4415,https://share.google/KDeVRgDzQA9a5XEQA,8.19,0
23A31A4416,https://www.hackerrank.com/profile/23A31A4416,https://leetcode.com/u/Lakshmi_Divya/,9.14,0
23A31A4417,https://www.hackerrank.com/profile/23A31A4417,https://leetcode.com/u/ReddyThanuSowmyasri/,7.2,0
23A31A4418,https://www.hackerrank.com/profile/23a31a4418,https://leetcode.com/u/23a31a4418/,8.56,0
23A31A4419,https://www.hackerrank.com/profile/23A31A4419,https://leetcode.com/u/Diya__17/,8.52,0
23A31A4420,https://www.hackerrank.com/profile/23a31a4420,,7.62,1
23A31A4421,https://www.hackerrank.com/profile/23A31A4421,https://leetcode.com/u/Bhargavi_4221/,8.96,0
23A31A4422,https://www.hackerrank.com/profile/23a31a4422,,7.97,0
23A31A4423,https://www.hackerrank.com/profile/23a31a4423,,7.12,0
23A31A4424,https://www.hackerrank.com/profile/23a31a4424,https://leetcode.com/u/alluganesh/,8.12,0
23A31A4425,https://www.hackerrank.com/profile/23A31A4425,https://leetcode.com/u/akash-bodala_25/,8.77,0
23A31A4426,https://www.hackerrank.com/profile/23a31a4426,https://leetcode.com/u/sai4426/,8.16,0
23A31A4427,https://www.hackerrank.com/profile/23A31A4427,https://leetcode.com/u/asishpranay_15/,7.53,0
23A31A4428,https://www.hackerrank.com/profile/23A31A4428,,7.25,0
23A31A4429,https://www.hackerrank.com/profile/23A31A4429,,7.51,0
23A31A4430,https://www.hackerrank.com/profile/23A31A4430,,6.48,2
23A31A4431,https://www.hackerrank.com/profile/23a31a4431,https://leetcode.com/u/kshanmukvenkat/,8.41,0
23A31A4432,https://www.hackerrank.com/profile/23a31a4432,https://leetcode.com/u/varshi_360/,8.31,0
23A31A4433,https://www.hackerrank.com/profile/23A31A4433_,https://leetcode.com/u/8n90NxHyZr/,7.59,0
23A31A4434,https://www.hackerrank.com/profile/23a31a4434,https://leetcode.com/u/Devaramkumar2/,7.21,1
23A31A4435,https://www.hackerrank.com/profile/23A31A4435,https://leetcode.com/u/rohit_kudupudi_/,7.07,0
23A31A4436,https://www.hackerrank.com/profile/23a31a4436,https://leetcode.com/u/Karthik1314/,7.5,0
23A31A4437,https://www.hackerrank.com/profile/23A31A4437,Venkatasurya_18 - LeetCode Profile,7.3,0
23A31A4438,https://www.hackerrank.com/profile/23A31A4438,https://leetcode.com/u/naga_vardhan/,7.32,0
23A31A4439,https://www.hackerrank.com/profile/23a31a4439,https://leetcode.com/u/subhash_79/,6.68,1
23A31A4440,https://www.hackerrank.com/profile/23A31A4440,https://leetcode.com/u/23A31A4440/,7.42,0
23A31A4441,https://www.hackerrank.com/profile/23a31a4441,https://leetcode.com/u/jaswanthmosa/,7.6,0
23A31A4442,https://www.hackerrank.com/profile/23A31A4442,https://leetcode.com/u/23A31A4442/,7.25,0
23A31A4443,,,6.35,3
23A31A4444,https://www.hackerrank.com/profile/23a31a4444_,,7.09,0
23A31A4445,https://www.hackerrank.com/profile/manojkrishna656,https://leetcode.com/u/krishna_manoj/,8.21,0
23A31A4446,https://www.hackerrank.com/profile/Charan23A31A4446,,8.34,0
23A31A4447,https://www.hackerrank.com/profile/23A31A4447,https://leetcode.com/u/Pinisetti_Yogesh_sri_ram/,8.02,0
23A31A4448,https://www.hackerrank.com/profile/23a31a4448,https://leetcode.com/u/23a31a4448/,6.94,0
23A31A4449,https://www.hackerrank.com/profile/23A31A4449,https://leetcode.com/u/sairoy_4449,8.23,0
23A31A4450,https://www.hackerrank.com/profile/23a31a4450,,6.18,1
23A31A4451,https://www.hackerrank.com/profile/23A31A4451,https://leetcode.com/u/SHAIK_KHADARVALLI786/,6.54,0
23A31A4452,https://www.hackerrank.com/profile/23A31A4452,,8.2,0
23A31A4453,https://www.hackerrank.com/profile/23A31A4453,https://leetcode.com/u/rupesh1226/,7.01,2
23A31A4454,https://www.hackerrank.com/profile/23A31A4454,https://leetcode.com/u/bgIye3ZiaN/,7.28,0
23A31A4455,https://www.hackerrank.com/profile/letterboy082,https://leetcode.com/u/ralf_1010/,6.38,0
23A31A4456,https://www.hackerrank.com/profile/23a31a44561,https://leetcode.com/u/Madhuvalurouthu/,7.31,1
23A31A4457,https://www.hackerrank.com/profile/23A31A4457,https://leetcode.com/u/HemanthSanker/,9.06,0
23A31A4458,https://www.hackerrank.com/profile/23A31A4458__,https://leetcode.com/u/TharunDasam/,6.84,0
23A31A4459,https://www.hackerrank.com/profile/23A31A4459,https://leetcode.com/u/9bT1QMB3fO/,8.52,0
23A31A4460,https://www.hackerrank.com/profile/subhasrichalaga1,https://leetcode.com/u/4460,8.94,0
23A31A4461,https://www.hackerrank.com/profile/23A31A4461,https://leetcode.com/u/Cheekatla_Bhargavi/,8.54,0
23A31A4462,https://www.hackerrank.com/profile/hsri31080,https://leetcode.com/u/23a31a4462/,7.3,0
23A31A4463,https://www.hackerrank.com/profile/23A31A4463,https://leetcode.com/u/Indu_4463/,8.81,0
23A31A4464,https://www.hackerrank.com/profile/23A31A4464,https://leetcode.com/u/23A31A4464,7.79,1
23A31A4465,https://www.hackerrank.com/profile/23a31a4465,https://leetcode.com/u/Gunnam_sri_sowmya06/,7.93,0
23A31A4466,https://www.hackerrank.com/profile/23A31A4466,https://leetcode.com/u/JAPYrP9JBE/,8.94,0
23A31A4467,https://www.hackerrank.com/profile/23a31a4467,https://leetcode.com/u/23a31a4467/,8.48,0
23A31A4468,https://www.hackerrank.com/profile/23a31a4468,https://leetcode.com/u/Devi_Koppula/,9.1,0
23A31A4469,https://www.hackerrank.com/profile/23A31A4469,https://leetcode.com/u/23A31A4469/,8.4,0
23A31A4470,https://www.hackerrank.com/profile/23A31A4470,https://leetcode.com/u/Bhargavi_8845/,8.17,0
23A31A4471,https://www.hackerrank.com/profile/mre19426,https://leetcode.com/u/rezwan_786/,6.6,1
23A31A4472,https://www.hackerrank.com/profile/23a31a4472,https://leetcode.com/u/bangaram_4472/,8.55,0
23A31A4473,https://www.hackerrank.com/dashboard/23A31A4473,https://leetcode.com/u/jayasri_4473/,7.55,8
23A31A4474,https://www.hackerrank.com/profile/23a31a4474,https://leetcode.com/profile/account/,8.27,0
23A31A4475,https://www.hackerrank.com/profile/23A31A4475,https://leetcode.com/u/23A31A4475/,8.27,0
23A31A4476,https://www.hackerrank.com/profile/Praneetha4476,https://leetcode.com/u/praneetha_4476/,8.71,0
23A31A4477,https://www.hackerrank.com/profile/shaiksajdha,https://leetcode.com/u/Sajida_bhanu/,6.76,6
23A31A4478,https://www.hackerrank.com/profile/sheikrizwanabeg1,https://leetcode.com/u/RizwanaSheik/,8.27,0
23A31A4479,https://www.hackerrank.com/profile/pranathivadapal1,https://leetcode.com/u/pranathi_05/,9.24,0
23A31A4480,https://www.hackerrank.com/profile/23A31A4480,https://leetcode.com/u/23A31A4480/,8.52,0
23A31A4481,https://www.hackerrank.com/profile/23A31A4481,https://leetcode.com/u/pujithavaskuri_11/,8.47,0
23A31A4482,https://www.hackerrank.com/profile/23A31A4482,https://leetcode.com/u/Lalitha_4482/,8.86,0
23A31A4483,https://www.hackerrank.com/profile/23A31A4483,https://leetcode.com/u/23A31A4483/,7.97,0
23A31A4484,https://www.hackerrank.com/profile/23A31A4484,https://leetcode.com/u/BS_Rama_Devi/,7.41,0
23A31A4485,https://www.hackerrank.com/profile/23a31a4485,https://leetcode.com/u/Krishnasri_Arigila/,7.59,0
23A31A4486,https://www.hackerrank.com/profile/23A31A4486_,https://leetcode.com/u/Ram_Manikanta/,8.39,0
23A31A4487,https://www.hackerrank.com/profile/23a31a4487,https://leetcode.com/u/Sudheer_820/,7.26,0
23A31A4488,https://www.hackerrank.com/profile/23a31a44881,https://leetcode.com/u/kishoreDS/,7.37,0
23A31A4489,https://www.hackerrank.com/profile/jaswajaswanth243,https://leetcode.com/u/GUTTULAJNANAJASWANTH/,8.07,0
23A31A4490,https://www.hackerrank.com/profile/23A31A4490,https://leetcode.com/u/Qnvw6CkUHf/,6.99,0
23A31A4491,https://www.hackerrank.com/profile/23A31A4491,https://leetcode.com/u/RohithKumarJogi/,7.77,0
23A31A4492,https://www.hackerrank.com/profile/kandellikarthik7,https://leetcode.com/u/karthikkandelli/,8.18,0
23A31A4493,https://www.hackerrank.com/profile/23A31A4493,https://leetcode.com/u/manohar4493/,7.95,0
23A31A4494,,,6.8,4
23A31A4495,https://www.hackerrank.com/profile/23A31A4495,,7.26,1
23A31A4496,https://www.hackerrank.com/profile/chandrasrihari21,https://leetcode.com/u/MANISRIHARI/,7.25,0
23A31A4499,https://www.hackerrank.com/profile/srirampalepu21,https://leetcode.com/u/srirampalepu/,8.38,0
23A31A44A0,https://www.hackerrank.com/profile/23A31A44A0,https://leetcode.com/u/Arjun_Pamarthi/,7.9,0
23A31A44A1,https://www.hackerrank.com/profile/dp89468946prasad,https://leetcode.com/u/durgaprasadA1/,7.03,0
23A31A44A2,,,6.81,16
23A31A44A3,https://www.hackerrank.com/profile/23a31a44a3,https://leetcode.com/u/vinay-potnuri/,7.73,0
23A31A44A4,https://www.hackerrank.com/profile/23a31a44a4,https://leetcode.com/u/khaja1245/,7.48,0
23A31A44A5,https://www.hackerrank.com/profile/23A31A44A5_,https://leetcode.com/u/bLheJ5A9uU/,7.16,4
23A31A44A6,https://www.hackerrank.com/profile/23a31a44a6,https://leetcode.com/u/kushanthds/,6.86,10
23A31A44A7,https://www.hackerrank.com/profile/23A31A44A7,https://leetcode.com/u/sandeepA7/,8.28,0
23A31A44A8,https://www.hackerrank.com/profile/23a31a44a8,https://leetcode.com/u/23a31a44a8/,7.55,0
23A31A44A9,https://www.hackerrank.com/profile/23a31a44a9,https://leetcode.com/profile/,7.57,0
23A31A44B0,https://www.hackerrank.com/profile/23A31A44B0,https://leetcode.com/profile/,8.48,0
23A31A44B1,,,6.49,1
23A31A44B2,https://www.hackerrank.com/profile/23a31a44b2,https://leetcode.com/u/Rajesh-gorri2004/,6.59,2
23A31A44B3,,,6.53,5
23A31A44B4,https://www.hackerrank.com/profile/23A31A44B4,https://leetcode.com/u/23a31a44b4/,8.84,0
23A31A44B5,https://www.hackerrank.com/profile/durgabhavaniadd1,https://leetcode.com/u/Addala_Durgabhavani/,8.96,0
23A31A44B6,https://www.hackerrank.com/profile/23a31a44b6_,https://leetcode.com/u/Mahalakshmi_Akula/,8.93,0
23A31A44B7,https://www.hackerrank.com/profile/meghana24979,https://leetcode.com/u/Meghana_Akula/,8.99,0
23A31A44B8,https://www.hackerrank.com/profile/23A31A44B8,https://leetcode.com/u/Mounika_Sri_Lakshmi/,8.9,0
23A31A44B9,https://www.hackerrank.com/profile/23a31a44b9,https://leetcode.com/u/23A31A44B9/,8.24,0
23A31A44C0,https://www.hackerrank.com/profile/23A31A44C0,https://leetcode.com/u/Mounika_Burelli/,8.07,0
23A31A44C1,https://www.hackerrank.com/profile/23A31A44C1,https://leetcode.com/u/Hasini_Cheyyeti/,8.56,0
23A31A44C2,https://www.hackerrank.com/profile/satyachilukuri22,https://leetcode.com/u/Satya_Chilukuri/,9.05,0
23A31A44C3,https://www.hackerrank.com/profile/23a31a44c3,https://leetcode.com/u/ashta_maha_lakshmi_devarapu/,9.01,0
23A31A44C4,https://www.hackerrank.com/profile/23A31A44C4,https://leetcode.com/u/manasa_2005/,7.76,0
23A31A44C5,https://www.hackerrank.com/profile/gavarasaniveera1,https://leetcode.com/u/VeeraMohini_Gavarasani/,8.9,0
23A31A44C6,https://www.hackerrank.com/profile/Deepika__gode12,https://leetcode.com/u/23A31A44C6/,8.85,0
23A31A44C7,https://www.hackerrank.com/profile/lohithakakula,https://leetcode.com/u/Lohitha_1225/,8.98,0
23A31A44C8,https://www.hackerrank.com/profile/likhithareddyk,https://leetcode.com/u/Likhitha_Reddy_karri/,9,0
23A31A44C9,https://www.hackerrank.com/profile/tejaswikedarise1,https://leetcode.com/u/Tejaswi_kedarisetti/,8.38,0
23A31A44D0,https://leetcode.com/profile/,https://www.hackerrank.com/profile/liharikakunche55,7.46,0
23A31A44D1,https://www.hackerrank.com/profile/23A31A44D1,https://leetcode.com/u/23A31A44D1/,8.36,0
23A31A44D2,https://www.hackerrank.com/profile/mandapatisaisah1,https://leetcode.com/u/Mandapati_Sai_Sahithya/,8.65,0
23A31A44D3,https://www.hackerrank.com/profile/23A31A44D3,https://leetcode.com/u/Basheerbibi05/,6.92,1
23A31A44D4,https://www.hackerrank.com/profile/23A31A44D4,https://leetcode.com/u/Nikhila777/,9.12,0
23A31A44D5,https://www.hackerrank.com/profile/nakkaashadeepika,https://leetcode.com/u/Asha_Deepika_05/,8.74,1
23A31A44D6,https://www.hackerrank.com/profile/23A31A44d6,https://leetcode.com/u/Swathi_Nuthika/,7.59,0
23A31A44D7,https://www.hackerrank.com/profile/23A31A44D7_,https://leetcode.com/u/keerthi__roy_3/,9.33,0
23A31A44D8,https://www.hackerrank.com/profile/23a31a44d8_,https://leetcode.com/u/Harshitha_Varasala/,7.8,0
23A31A44D9,https://www.hackerrank.com/profile/divyasyamalavee1,https://leetcode.com/u/V_Divya_Syamala/,8.8,0
23A31A44E0,https://www.hackerrank.com/profile/23A31A44E0,https://leetcode.com/profile/,9.04,0
23A31A44E1,https://www.hackerrank.com/profile/23A31A44E1,https://leetcode.com/u/login/,8.49,0
23A31A44E2,https://www.hackerrank.com/profile/23A31A44E2,https://leetcode.com/u/Meghana_Yadlapalli/,8.84,0
23A31A44E3,https://www.hackerrank.com/profile/23a31a44_e3,https://leetcode.com/u/Sruthi_yalla/,9.15,0
23A31A44E4,,,6.46,4
23A31A44E5,https://www.hackerrank.com/profile/shyamjosh80,https://leetcode.com/u/syam_2205/,7.04,0
23A31A44E6,https://www.hackerrank.com/profile/23a31a44e6,https://leetcode.com/u/prasad_boyina-99/,7.64,0
23A31A44E7,https://www.hackerrank.com/profile/23a31a44e7,https://leetcode.com/u/chilla_Hemanth/,6.48,7
23A31A44E8,https://www.hackerrank.com/profile/23a31a44e8,https://leetcode.com/u/CHITRA_VENKAT_RESHMAN_SOWRYA/,8.45,0
23A31A44E9,https://www.hackerrank.com/profil/@nanichittimuri11,https://leetcode.com/u/1aouvD4yNL/,6.99,2
23A31A44F0,,,6.23,5
23A31A44F1,https://www.hackerrank.com/profile/gopichandh322,https://leetcode.com/profile/,6.69,4
23A31A44F2,,,6.68,1
23A31A44F3,https://www.hackerrank.com/profile/23a31a44f3,https://leetcode.com/u/DHANARASI_CHANDU/,7.94,1
23A31A44F4,https://www.hackerrank.com/profile/23A31A44F4,https://leetcode.com/u/harsha_kumar_2205/,7.81,0
23A31A44F5,https://www.hackerrank.com/profile/23a31a44f5,https://leetcode.com/u/23a31a44f5/,7.94,0
23A31A44F6,https://www.hackerrank.com/profile/23a31a44f6,https://leetcode.com/u/MANIKAR_SIMHA_GUTALA/,6.97,1
23A31A44F7,https://www.hackerrank.com/profile/23a31a44f7,https://leetcode.com/u/Sujith_44f7/,7.8,0
23A31A44F8,https://www.hackerrank.com/profile/23a31a44f8,https://leetcode.com/u/tejuff22/,7.2,0
23A31A44F9,https://www.hackerrank.com/profile/23A31A44F9,https://leetcode.com/u/Bramha_Teja_26/,7.9,0
23A31A44G0,https://www.hackerrank.com/profile/23A31A44G0,https://leetcode.com/u/nagadurgarao-01/,8.35,0
23A31A44G1,https://www.hackerrank.com/profile/23a31a44g1,https://leetcode.com/u/bHyzLXmeqB/,7.74,0
23A31A44G2,https://www.hackerrank.com/profile/23a31a44g2,https://leetcode.com/u/ManikantaSaiKumar/,7.31,1
23A31A44G3,https://www.hackerrank.com/profile/23A31A44G3,https://leetcode.com/u/Saivenkat01/,8.62,0
23A31A44G4,https://www.hackerrank.com/profile/23a31a44g4,https://leetcode.com/u/akshayG4/,7.83,0
23A31A44G5,https://www.hackerrank.com/profile/23A31A44G5,https://leetcode.com/,7.51,0
23A31A44G6,https://www.hackerrank.com/profile/meghashyams06,https://leetcode.com/profile/,7.78,0
23A31A44G7,https://www.hackerrank.com/profile/23a31a44g7,https://leetcode.com/u/Rakesh_9951/,7.28,0
23A31A44G8,https://www.hackerrank.com/profile/23a31a44g8,https://leetcode.com/u/23a31a44g8/,7.29,0
23A31A44G9,https://www.hackerrank.com/profile/suryatalari2005,https://leetcode.com/u/xBTiJ7yhFb/,8.18,0
23A31A44H0,https://www.hackerrank.com/profile/23a31a44h0,https://leetcode.com/u/login/,7.4,0
23A31A44H1,https://www.hackerrank.com/profile/prudhvitej12,https://leetcode.com/u/Prudhvi_tej/,7.2,0
23A31A44H2,https://www.hackerrank.com/profile/srikanthvaidhani,https://leetcode.com/,8.92,0
23A31A44H3,https://www.hackerrank.com/profile/23a31a44h3_,https://leetcode.com/u/gowtham_16_10/,7.17,0
23A31A44H4,https://www.hackerrank.com/profile/23a31a44h4,https://leetcode.com/u/23A31A44H4/,6.88,0
23A31A44H5,https://www.hackerrank.com/profile/krishna_0212,https://leetcode.com/u/krishna_0212/,9.13,0
23A31A44H6,https://www.hackerrank.com/profile/23a31a44h6,https://leetcode.com/u/APPALARAJU_MUVVALA/,6.45,1
24A35A4401,https://www.hackerrank.com/profile/24A35A4401,https://leetcode.com/u/malleswari_1713/,8.23,0
24A35A4402,https://www.hackerrank.com/profile/24A35A4402,https://leetcode.com/u/jayasri_dara/,7.94,0
24A35A4403,https://www.hackerrank.com/profile/24A35A4403,https://leetcode.com/u/G_Gaya3-210/,9.2,0
24A35A4404,https://www.hackerrank.com/profile/kethajayamadhuri,https://leetcode.com/profile/,7.32,1
24A35A4405,https://www.hackerrank.com/profile/24A35A4405,https://leetcode.com/u/login/,7.8,9
24A35A4406,https://www.hackerrank.com/profile/24A35A4406,https://leetcode.com/u/IHRK/,7.26,0
24A35A4407,https://www.hackerrank.com/profile/24a35a4407,https://leetcode.com/u/24a35a4407/,8.78,0
24A35A4408,https://www.hackerrank.com/profile/24A35A4408,https://leetcode.com/u/24A35A4408/,8.93,0
24A35A4409,https://www.hackerrank.com/profile/24A35A4409,,7.7,0
24A35A4410,https://www.hackerrank.com/profile/24a35a4410,https://leetcode.com/u/bhanuprakash2007/,7.54,0
24A35A4411,https://www.hackerrank.com/profile/24A35A4411,https://leetcode.com/u/SrsvKarthik/,7.2,0
24A35A4412,https://www.hackerrank.com/profile/24a35a4412,,7.17,0
24A35A4413,https://www.hackerrank.com/profile/24A35A4413_,https://leetcode.com/u/24A35A4413/,7.99,0
24A35A4414,https://www.hackerrank.com/profile/24A35A4414,https://leetcode.com/u/Matta_Satyasri/,7.61,0
24A35A4415,https://www.hackerrank.com/profile/24A35A4415,https://leetcode.com/u/24A35A4415/,9,0
24A35A4416,https://www.hackerrank.com/profile/24A35A4416_,https://leetcode.com/u/24a35a4416_/,8.4,0
24A35A4417,https://www.hackerrank.com/profile/24A35A4417,,7.8,0
24A35A4418,https://www.hackerrank.com/profile/24A35A4418,,6.74,0
24A35A4419,https://www.hackerrank.com/profile/24A35A4419,https://leetcode.com/profile/account/,8.23,0
24A35A4420,https://www.hackerrank.com/profile/24A35A4420,https://leetcode.com/u/GANGABABU77/,7.04,0
24A35A4421,https://www.hackerrank.com/profile/24A35A4421,https://leetcode.com/u/bhargavamallesh/,7.72,0
24A35A4422,https://www.hackerrank.com/profile/24A35A4422,https://leetcode.com/u/Rajesh_kanta-45/,7.3,0
24A35A4423,https://www.hackerrank.com/profile/24A35A4423,https://leetcode.com/u/24A35A4423/,6.57,0
24A35A4424,https://www.hackerrank.com/profile/24A35A4424_,https://leetcode.com/u/24A35A4424/,8.34,0
24A35A4425,https://www.hackerrank.com/profile/24A35A4425,https://leetcode.com/u/24A35A4425/,8.21,0
24A35A4426,https://www.hackerrank.com/profile/24A35A4426,https://leetcode.com/u/P_s_rahul-143/,6.76,1
24A35A4427,https://www.hackerrank.com/profile/24A35A4427_,https://leetcode.com/u/Satish_perala_166/,8.26,0
24A35A4428,https://www.hackerrank.com/profile/24A35A4428,,6.46,1
24A35A4429,https://www.hackerrank.com/profile/24A35A4429,https://leetcode.com/u/24A35A4429/,7.67,0
24A35A4430,https://www.hackerrank.com/profile/manivanapalli6,https://leetcode.com/u/ManikantaVanapalli/,7.41,0
24A35A4431,https://www.hackerrank.com/profile/swathiobilisett1,https://leetcode.com/u/swathi_obilisetti_77/,7.96,0
24A35A4432,https://www.hackerrank.com/profile/24A35A4432,https://leetcode.com/profile/account/,7.63,0
24A35A4433,https://www.hackerrank.com/settings/teams,https://leetcode.com/u/24A35A4433/,6.96,0
24A35A4434,https://www.hackerrank.com/profile/ganesh712005,https://leetcode.com/u/ganesh_gollapalli/,7.07,0
24A35A4435,https://www.hackerrank.com/profile/manikantakona561,https://leetcode.com/u/Manikona-2003/,6.5,2
24A35A4436,https://www.hackerrank.com/profile/24A35A4436,https://leetcode.com/u/24A35A4436/,7.95,0
24A35A4437,https://www.hackerrank.com/profile/nekkalaarun08,https://leetcode.com/u/Arunkumar_08/,6.91,0
24A35A4438,https://www.hackerrank.com/profile/24A35A4438,https://leetcode.com/u/saipinisetti/,7.67,0
24A35A4439,https://www.hackerrank.com/profile/24A35A4439,https://leetcode.com/profile/account/,6.47,1
24A35A4440,,,7.59,0
,,,,
